timeStamp,elapsed,label,responseCode,responseMessage,threadName,dataType,success,failureMessage,bytes,sentBytes,grpThreads,allThreads,URL,Latency,IdleTime,Connect
1695815032184,2440,https://www.opencart.com/index.php?route=support/contact,200,OK,Thread Group 1-1,text,true,,21874,537,4,4,https://www.opencart.com/index.php?route=support%2Fcontact,2419,0,632
1695815032886,1817,https://www.opencart.com/index.php?route=support/contact,200,OK,Thread Group 1-2,text,true,,21874,537,4,4,https://www.opencart.com/index.php?route=support%2Fcontact,1810,0,53
1695815033651,1806,https://www.opencart.com/index.php?route=support/contact,200,OK,Thread Group 1-3,text,true,,21874,537,5,5,https://www.opencart.com/index.php?route=support%2Fcontact,1800,0,51
1695815034414,1800,https://www.opencart.com/index.php?route=support/contact,200,OK,Thread Group 1-4,text,true,,21874,537,6,6,https://www.opencart.com/index.php?route=support%2Fcontact,1790,0,36
1695815035180,1803,https://www.opencart.com/index.php?route=support/contact,200,OK,Thread Group 1-5,text,true,,21874,537,7,7,https://www.opencart.com/index.php?route=support%2Fcontact,1792,0,30
1695815035948,1804,https://www.opencart.com/index.php?route=support/contact,200,OK,Thread Group 1-6,text,true,,21874,537,8,8,https://www.opencart.com/index.php?route=support%2Fcontact,1795,0,31
1695815036718,1819,https://www.opencart.com/index.php?route=support/contact,200,OK,Thread Group 1-7,text,true,,21874,537,9,9,https://www.opencart.com/index.php?route=support%2Fcontact,1807,0,34
1695815037488,1895,https://www.opencart.com/index.php?route=support/contact,200,OK,Thread Group 1-8,text,true,,21874,537,10,10,https://www.opencart.com/index.php?route=support%2Fcontact,1886,0,42
1695815038258,1286,https://www.opencart.com/index.php?route=support/contact,200,OK,Thread Group 1-9,text,true,,21874,537,10,10,https://www.opencart.com/index.php?route=support%2Fcontact,1281,0,69
1695815039026,1249,https://www.opencart.com/index.php?route=support/contact,200,OK,Thread Group 1-10,text,true,,21879,537,11,11,https://www.opencart.com/index.php?route=support%2Fcontact,1241,0,34
1695815039796,1231,https://www.opencart.com/index.php?route=support/contact,200,OK,Thread Group 1-11,text,true,,21874,537,12,12,https://www.opencart.com/index.php?route=support%2Fcontact,1227,0,39
1695815040564,1251,https://www.opencart.com/index.php?route=support/contact,200,OK,Thread Group 1-12,text,true,,21874,537,13,13,https://www.opencart.com/index.php?route=support%2Fcontact,1240,0,35
1695815041333,1185,https://www.opencart.com/index.php?route=support/contact,200,OK,Thread Group 1-13,text,true,,21874,537,13,13,https://www.opencart.com/index.php?route=support%2Fcontact,1177,0,33
1695815045523,1227,https://www.opencart.com/index.php?route=account/login,200,OK,Thread Group 1-1,text,true,,12564,595,13,13,https://www.opencart.com/index.php?route=account%2Flogin,1223,0,0
1695815045600,1219,https://www.opencart.com/index.php?route=account/login,200,OK,Thread Group 1-2,text,true,,12564,595,13,13,https://www.opencart.com/index.php?route=account%2Flogin,1214,0,0
1695815046350,1195,https://www.opencart.com/index.php?route=account/login,200,OK,Thread Group 1-3,text,true,,12564,595,13,13,https://www.opencart.com/index.php?route=account%2Flogin,1185,0,0
1695815047107,1204,https://www.opencart.com/index.php?route=account/login,200,OK,Thread Group 1-4,text,true,,12564,595,13,13,https://www.opencart.com/index.php?route=account%2Flogin,1199,0,0
1695815047875,1185,https://www.opencart.com/index.php?route=account/login,200,OK,Thread Group 1-5,text,true,,12564,595,13,13,https://www.opencart.com/index.php?route=account%2Flogin,1179,0,0
1695815048644,1218,https://www.opencart.com/index.php?route=account/login,200,OK,Thread Group 1-6,text,true,,12564,595,13,13,https://www.opencart.com/index.php?route=account%2Flogin,1216,0,0
1695815049428,1203,https://www.opencart.com/index.php?route=account/login,200,OK,Thread Group 1-7,text,true,,12564,595,13,13,https://www.opencart.com/index.php?route=account%2Flogin,1199,0,0
1695815050267,996,https://www.opencart.com/index.php?route=account/register,200,OK,Thread Group 1-1,text,true,,23097,598,13,13,https://www.opencart.com/index.php?route=account%2Fregister,985,0,0
1695815050336,1008,https://www.opencart.com/index.php?route=account/register,200,OK,Thread Group 1-2,text,true,,23092,598,13,13,https://www.opencart.com/index.php?route=account%2Fregister,996,0,0
1695815050274,1234,https://www.opencart.com/index.php?route=account/login,200,OK,Thread Group 1-8,text,true,,12564,595,13,13,https://www.opencart.com/index.php?route=account%2Flogin,1230,0,0
1695815050436,1208,https://www.opencart.com/index.php?route=account/login,200,OK,Thread Group 1-9,text,true,,12564,595,13,13,https://www.opencart.com/index.php?route=account%2Flogin,1201,0,0
1695815051061,710,https://www.opencart.com/index.php?route=account/register,200,OK,Thread Group 1-3,text,true,,23092,598,13,13,https://www.opencart.com/index.php?route=account%2Fregister,702,0,0
1695815051917,404,https://www.opencart.com/index.php?route=account/login,200,OK,Thread Group 1-11,text,true,,12564,595,13,13,https://www.opencart.com/index.php?route=account%2Flogin,402,0,0
1695815051169,1247,https://www.opencart.com/index.php?route=account/login,200,OK,Thread Group 1-10,text,true,,12564,595,13,13,https://www.opencart.com/index.php?route=account%2Flogin,1241,0,0
1695815051826,1010,https://www.opencart.com/index.php?route=account/register,200,OK,Thread Group 1-4,text,true,,23092,598,13,13,https://www.opencart.com/index.php?route=account%2Fregister,1004,0,0
1695815052707,390,https://www.opencart.com/index.php?route=account/login,200,OK,Thread Group 1-12,text,true,,12564,595,13,13,https://www.opencart.com/index.php?route=account%2Flogin,385,0,0
1695815052577,690,https://www.opencart.com/index.php?route=account/register,200,OK,Thread Group 1-5,text,true,,23092,598,13,13,https://www.opencart.com/index.php?route=account%2Fregister,677,0,0
1695815053409,607,https://www.opencart.com/index.php?route=account/login,200,OK,Thread Group 1-13,text,true,,12564,595,13,13,https://www.opencart.com/index.php?route=account%2Flogin,596,0,0
1695815053379,1001,https://www.opencart.com/index.php?route=account/register,200,OK,Thread Group 1-6,text,true,,23097,598,13,13,https://www.opencart.com/index.php?route=account%2Fregister,993,0,0
1695815054149,1003,https://www.opencart.com/index.php?route=account/register,200,OK,Thread Group 1-7,text,true,,23092,598,13,13,https://www.opencart.com/index.php?route=account%2Fregister,993,0,0
1695815055024,1017,https://www.opencart.com/index.php?route=account/register,200,OK,Thread Group 1-8,text,true,,23097,598,13,13,https://www.opencart.com/index.php?route=account%2Fregister,1009,0,0
1695815055160,1019,https://www.opencart.com/index.php?route=account/register,200,OK,Thread Group 1-9,text,true,,23092,598,13,13,https://www.opencart.com/index.php?route=account%2Fregister,1011,0,0
1695815056614,25,https://www.opencart.com/index.php?route=account/register,429,Too Many Requests,Thread Group 1-12,text,false,,437,598,13,13,https://www.opencart.com/index.php?route=account%2Fregister,25,0,0
1695815055838,1016,https://www.opencart.com/index.php?route=account/register,200,OK,Thread Group 1-11,text,true,,23092,598,13,13,https://www.opencart.com/index.php?route=account%2Fregister,1006,0,0
1695815055932,1048,https://www.opencart.com/index.php?route=account/register,200,OK,Thread Group 1-10,text,true,,23092,598,13,13,https://www.opencart.com/index.php?route=account%2Fregister,1003,0,0
1695815057531,31,https://www.opencart.com/index.php?route=account/register,429,Too Many Requests,Thread Group 1-13,text,false,,437,598,13,13,https://www.opencart.com/index.php?route=account%2Fregister,31,0,0
1695815059410,30,https://www.opencart.com/index.php?route=cms/feature,429,Too Many Requests,Thread Group 1-1,text,false,,437,593,13,13,https://www.opencart.com/index.php?route=cms%2Ffeature,30,0,0
1695815059491,12,https://www.opencart.com/index.php?route=cms/feature,429,Too Many Requests,Thread Group 1-2,text,false,,437,593,13,13,https://www.opencart.com/index.php?route=cms%2Ffeature,12,0,0
1695815059919,14,https://www.opencart.com/index.php?route=cms/feature,429,Too Many Requests,Thread Group 1-3,text,false,,437,593,13,13,https://www.opencart.com/index.php?route=cms%2Ffeature,14,0,0
1695815060984,14,https://www.opencart.com/index.php?route=cms/feature,429,Too Many Requests,Thread Group 1-4,text,false,,437,593,13,13,https://www.opencart.com/index.php?route=cms%2Ffeature,13,0,0
1695815061414,22,https://www.opencart.com/index.php?route=cms/feature,429,Too Many Requests,Thread Group 1-5,text,false,,437,593,13,13,https://www.opencart.com/index.php?route=cms%2Ffeature,22,0,0
1695815062527,14,https://www.opencart.com/index.php?route=cms/feature,429,Too Many Requests,Thread Group 1-6,text,false,,437,593,13,13,https://www.opencart.com/index.php?route=cms%2Ffeature,14,0,0
1695815063299,20,https://www.opencart.com/index.php?route=cms/feature,429,Too Many Requests,Thread Group 1-7,text,false,,437,593,13,13,https://www.opencart.com/index.php?route=cms%2Ffeature,20,0,0
1695815063828,16,https://www.opencart.com/index.php?route=marketplace/extension,429,Too Many Requests,Thread Group 1-1,text,false,,437,603,13,13,https://www.opencart.com/index.php?route=marketplace%2Fextension,16,0,0
1695815032120,4709,Test,,"Number of samples in transaction : 5, number of failing samples : 2",Thread Group 1-1,,false,,58409,2926,13,13,null,4673,27013,632
1695815063892,23,https://www.opencart.com/index.php?route=marketplace/extension,429,Too Many Requests,Thread Group 1-2,text,false,,437,603,12,12,https://www.opencart.com/index.php?route=marketplace%2Fextension,23,0,0
1695815032884,4079,Test,,"Number of samples in transaction : 5, number of failing samples : 2",Thread Group 1-2,,false,,58404,2926,12,12,null,4055,26951,53
1695815064187,14,https://www.opencart.com/index.php?route=cms/feature,429,Too Many Requests,Thread Group 1-8,text,false,,437,593,11,11,https://www.opencart.com/index.php?route=cms%2Ffeature,13,0,0
1695815064325,11,https://www.opencart.com/index.php?route=cms/feature,429,Too Many Requests,Thread Group 1-9,text,false,,437,593,11,11,https://www.opencart.com/index.php?route=cms%2Ffeature,11,0,0
1695815064322,14,https://www.opencart.com/index.php?route=marketplace/extension,429,Too Many Requests,Thread Group 1-3,text,false,,437,603,11,11,https://www.opencart.com/index.php?route=marketplace%2Fextension,14,0,0
1695815033649,3739,Test,,"Number of samples in transaction : 5, number of failing samples : 2",Thread Group 1-3,,false,,58404,2926,11,11,null,3715,26947,51
1695815064789,16,https://www.opencart.com/index.php?route=cms/feature,429,Too Many Requests,Thread Group 1-12,text,false,,437,593,10,10,https://www.opencart.com/index.php?route=cms%2Ffeature,15,0,0
1695815065002,15,https://www.opencart.com/index.php?route=cms/feature,429,Too Many Requests,Thread Group 1-11,text,false,,437,593,10,10,https://www.opencart.com/index.php?route=cms%2Ffeature,15,0,0
1695815065128,15,https://www.opencart.com/index.php?route=cms/feature,429,Too Many Requests,Thread Group 1-10,text,false,,437,593,10,10,https://www.opencart.com/index.php?route=cms%2Ffeature,15,0,0
1695815065386,13,https://www.opencart.com/index.php?route=marketplace/extension,429,Too Many Requests,Thread Group 1-4,text,false,,437,603,10,10,https://www.opencart.com/index.php?route=marketplace%2Fextension,13,0,0
1695815034412,4041,Test,,"Number of samples in transaction : 5, number of failing samples : 2",Thread Group 1-4,,false,,58404,2926,10,10,null,4019,26946,36
1695815065709,14,https://www.opencart.com/index.php?route=cms/feature,429,Too Many Requests,Thread Group 1-13,text,false,,437,593,9,9,https://www.opencart.com/index.php?route=cms%2Ffeature,14,0,0
1695815065825,18,https://www.opencart.com/index.php?route=marketplace/extension,429,Too Many Requests,Thread Group 1-5,text,false,,437,603,9,9,https://www.opencart.com/index.php?route=marketplace%2Fextension,18,0,0
1695815035178,3718,Test,,"Number of samples in transaction : 5, number of failing samples : 2",Thread Group 1-5,,false,,58404,2926,9,9,null,3688,26947,30
1695815066929,21,https://www.opencart.com/index.php?route=marketplace/extension,429,Too Many Requests,Thread Group 1-6,text,false,,437,603,8,8,https://www.opencart.com/index.php?route=marketplace%2Fextension,21,0,0
1695815035946,4058,Test,,"Number of samples in transaction : 5, number of failing samples : 2",Thread Group 1-6,,false,,58409,2926,8,8,null,4039,26946,31
1695815067706,15,https://www.opencart.com/index.php?route=marketplace/extension,429,Too Many Requests,Thread Group 1-7,text,false,,437,603,7,7,https://www.opencart.com/index.php?route=marketplace%2Fextension,15,0,0
1695815036715,4060,Test,,"Number of samples in transaction : 5, number of failing samples : 2",Thread Group 1-7,,false,,58404,2926,7,7,null,4034,26947,34
1695815068588,15,https://www.opencart.com/index.php?route=marketplace/extension,429,Too Many Requests,Thread Group 1-8,text,false,,437,603,6,6,https://www.opencart.com/index.php?route=marketplace%2Fextension,15,0,0
1695815037485,4175,Test,,"Number of samples in transaction : 5, number of failing samples : 2",Thread Group 1-8,,false,,58409,2926,6,6,null,4153,26944,42
1695815068723,13,https://www.opencart.com/index.php?route=marketplace/extension,429,Too Many Requests,Thread Group 1-9,text,false,,437,603,5,5,https://www.opencart.com/index.php?route=marketplace%2Fextension,13,0,0
1695815038255,3537,Test,,"Number of samples in transaction : 5, number of failing samples : 2",Thread Group 1-9,,false,,58404,2926,5,5,null,3517,26946,69
1695815069192,11,https://www.opencart.com/index.php?route=marketplace/extension,429,Too Many Requests,Thread Group 1-12,text,false,,437,603,4,4,https://www.opencart.com/index.php?route=marketplace%2Fextension,11,0,0
1695815040562,1693,Test,,"Number of samples in transaction : 5, number of failing samples : 3",Thread Group 1-12,,false,,35749,2926,4,4,null,1676,26950,35
1695815069407,9,https://www.opencart.com/index.php?route=marketplace/extension,429,Too Many Requests,Thread Group 1-11,text,false,,437,603,3,3,https://www.opencart.com/index.php?route=marketplace%2Fextension,9,0,0
1695815039793,2675,Test,,"Number of samples in transaction : 5, number of failing samples : 2",Thread Group 1-11,,false,,58404,2926,3,3,null,2659,26949,39
1695815069532,10,https://www.opencart.com/index.php?route=marketplace/extension,429,Too Many Requests,Thread Group 1-10,text,false,,437,603,2,2,https://www.opencart.com/index.php?route=marketplace%2Fextension,10,0,0
1695815039023,3569,Test,,"Number of samples in transaction : 5, number of failing samples : 2",Thread Group 1-10,,false,,58409,2926,2,2,null,3510,26951,34
1695815070111,14,https://www.opencart.com/index.php?route=marketplace/extension,429,Too Many Requests,Thread Group 1-13,text,false,,437,603,1,1,https://www.opencart.com/index.php?route=marketplace%2Fextension,14,0,0
1695815041331,1851,Test,,"Number of samples in transaction : 5, number of failing samples : 3",Thread Group 1-13,,false,,35749,2926,1,1,null,1832,26947,33
